id,name,visibility,is_corporate,is_external,categories
82364,Kommunikation och insamling,public,true,false,
82367,Uppdragserfarenheter och AAR,public,true,false,
124438,Ekonomi,public,true,false,
124492,Utbildning,public,true,false,
124496,Utrustning,public,true,false,
124497,Teknik - Drift och underh√•ll,public,true,false,
124498,Forskning och utveckling,public,true,false,
124499,Operativa systemst√∂d,public,true,false,
124509,Redakt√∂rer,public,true,false,
141588,RS Sundsvall,hidden,false,false,Huvudgrupp Stationer
141592,Karlsvik,hidden,false,false,Undergrupp till Station
141593,Stenstan,hidden,false,false,Undergrupp till Station
141607,Bilder och filmer Sundsvall,hidden,false,false,
141608,Elevutbildning,hidden,false,false,
141626,Internationellt,public,true,false,
141627,Instrukt√∂rer,hidden,false,false,
141933,Bilder och filmer,public,false,false,
141940,IT-relaterade fr√•gor,public,true,false,
141967,Samverkan Stockholmsomr√•det,public,false,false,Samverkansgrupper
142777,RS Str√∂mstad,hidden,false,false,Huvudgrupp Stationer
142778,RS Fj√§llbacka,hidden,false,false,Huvudgrupp Stationer
142779,RS Sm√∂gen,hidden,false,false,Huvudgrupp Stationer
142780,RS Uddevalla,hidden,false,false,Huvudgrupp Stationer
142781,RS K√§ring√∂n,hidden,false,false,Huvudgrupp Stationer
142782,RS Stenungsund,hidden,false,false,Huvudgrupp Stationer
142783,RS Sk√§rhamn,hidden,false,false,Huvudgrupp Stationer
142784,RS R√∂r√∂,hidden,false,false,Huvudgrupp Stationer
142785,RS Lule√•,hidden,false,false,Huvudgrupp Stationer
142786,RS Hov√•s,hidden,false,false,Huvudgrupp Stationer
142787,RS Pite√•,hidden,false,false,Huvudgrupp Stationer
142788,RS Skellefte√•,hidden,false,false,Huvudgrupp Stationer
142789,RS Holmsund,hidden,false,false,Huvudgrupp Stationer
142790,RS √ñrnsk√∂ldsvik,hidden,false,false,Huvudgrupp Stationer
142791,RS H√§rn√∂sand,hidden,false,false,Huvudgrupp Stationer
142793,RS Bua,hidden,false,false,Huvudgrupp Stationer
142794,RS Storsj√∂n,hidden,false,false,Huvudgrupp Stationer
142795,RS Falkenberg,hidden,false,false,Huvudgrupp Stationer
142796,RS Gr√∂tvik,hidden,false,false,Huvudgrupp Stationer
142797,RS L√∂nn√•nger,hidden,false,false,Huvudgrupp Stationer
142798,RS S√∂derhamn,hidden,false,false,Huvudgrupp Stationer
142799,RS Torekov,hidden,false,false,Huvudgrupp Stationer
142800,RS G√§vle,hidden,false,false,Huvudgrupp Stationer
142801,RS √ñregrund,hidden,false,false,Huvudgrupp Stationer
142802,RS H√∂gan√§s,hidden,false,false,Huvudgrupp Stationer
142803,RS R√§fsn√§s,hidden,false,false,Huvudgrupp Stationer
142805,RS R√•√•,hidden,false,false,Huvudgrupp Stationer
142806,RS Barseb√§ck,hidden,false,false,Huvudgrupp Stationer
142807,RS Lomma,hidden,false,false,Huvudgrupp Stationer
142808,RS Falsterbokanalen,hidden,false,false,Huvudgrupp Stationer
142809,RS Trelleborg,hidden,false,false,Huvudgrupp Stationer
142810,RS Ystad,hidden,false,false,Huvudgrupp Stationer
142811,RS Skillinge,hidden,false,false,Huvudgrupp Stationer
142812,RS Kivik,hidden,false,false,Huvudgrupp Stationer
142813,RS √Öhus,hidden,false,false,Huvudgrupp Stationer
142815,RS H√∂rvik,hidden,false,false,Huvudgrupp Stationer
142817,RS Gr√∂nh√∂gen,hidden,false,false,Huvudgrupp Stationer
142818,RS M√∂ja,hidden,false,false,Huvudgrupp Stationer
142819,RS Stockholm,hidden,false,false,Huvudgrupp Stationer
142820,RS Muns√∂/Eker√∂,hidden,false,false,Huvudgrupp Stationer
142821,RS V√§rmd√∂,hidden,false,false,Huvudgrupp Stationer
142822,RS Dalar√∂,hidden,false,false,Huvudgrupp Stationer
142823,RS Nyn√§shamn,hidden,false,false,Huvudgrupp Stationer
142824,RS Trosa,hidden,false,false,Huvudgrupp Stationer
142825,RS Loftahammar,hidden,false,false,Huvudgrupp Stationer
142826,RS Ark√∂sund,hidden,false,false,Huvudgrupp Stationer
142827,RS F√•r√∂sund,hidden,false,false,Huvudgrupp Stationer
142828,RS Visby,hidden,false,false,Huvudgrupp Stationer
142829,RS V√§ndburg,hidden,false,false,Huvudgrupp Stationer
142830,RS B√∂da,hidden,false,false,Huvudgrupp Stationer
142832,RS Simpevarp,hidden,false,false,Huvudgrupp Stationer
142833,RS M√∂nster√•s,hidden,false,false,Huvudgrupp Stationer
142834,RS Kalmar,hidden,false,false,Huvudgrupp Stationer
142835,RS Bergkvara,hidden,false,false,Huvudgrupp Stationer
142836,RS Hassl√∂,hidden,false,false,Huvudgrupp Stationer
142837,RS S√∂lvesborg,hidden,false,false,Huvudgrupp Stationer
142838,RS V√§xj√∂,hidden,false,false,Huvudgrupp Stationer
142839,RS Bolmen,hidden,false,false,Huvudgrupp Stationer
142840,RS Visings√∂,hidden,false,false,Huvudgrupp Stationer
142841,RS Vadstena/Motala,hidden,false,false,Huvudgrupp Stationer
142842,RS K√•llands√∂,hidden,false,false,Huvudgrupp Stationer
142843,RS Mariestad,hidden,false,false,Huvudgrupp Stationer
142844,RS √Öm√•l,hidden,false,false,Huvudgrupp Stationer
142845,RS Hammar√∂,hidden,false,false,Huvudgrupp Stationer
142846,RS Kristinehamn,hidden,false,false,Huvudgrupp Stationer
142847,RS Hj√§lmaren,hidden,false,false,Huvudgrupp Stationer
142848,RS Str√§ngn√§s,hidden,false,false,Huvudgrupp Stationer
142849,RS V√§ster√•s,hidden,false,false,Huvudgrupp Stationer
142850,RS Uppsala,hidden,false,false,Huvudgrupp Stationer
142851,RS Siljan/Runn,hidden,false,false,Huvudgrupp Stationer
142884,Samverkan M√§laren,public,false,false,Samverkansgrupper
142885,Samverkan G√§vle - S√∂derhamn - Hudiksvall - L√∂nn√•nger,public,false,false,Samverkansgrupper
142886,Samverkan R√§fsn√§s - √ñregrund - G√§vle,public,false,false,Samverkansgrupper
142887,Samverkan V√§nern,public,false,false,Samverkansgrupper
142944,Externa olycksrapporter och haveriutredningar,public,false,false,
143109,RS Hudiksvall,hidden,false,false,Huvudgrupp Stationer
143110,RS S√∂dert√§lje,hidden,false,false,Huvudgrupp Stationer
144417,Workvivos Ambassad,private,false,false,
144431,Teknik Rescue Enok,hidden,false,false,
144432,Teknik Rescue Henry Andersson,hidden,false,false,
144433,Teknik Rescue Lillie af Vivesta,hidden,false,false,
144434,Stationshuset,hidden,false,false,
144435,Bilder och filmer,hidden,false,false,
144436,Roberts Testgrupp,hidden,false,false,
144439,Skeppare,hidden,false,false,Undergrupp till Station
144440,Jour,hidden,false,false,Undergrupp till Station
144443,Utbildningsgruppen,hidden,false,false,
144444,Marknadsgruppen,hidden,false,false,Undergrupp till Station
144446,Ledningsgrupp,hidden,false,false,Undergrupp till Station
144447,Lite mer avsp√§nt!,hidden,false,false,Undergrupp till Station
144448,RS Sundsvall - Alvik,hidden,false,false,
144450,Rsc Kreab,hidden,false,false,
144453,Bef√§lhavare,hidden,false,false,Undergrupp till Station
144454,Skeppare,hidden,false,false,Undergrupp till Station
144457,Skeppare,hidden,false,false,Undergrupp till Station
144458,City - RS Sundsvall,hidden,false,false,
144460,B√•tgruppen,hidden,false,false,Undergrupp till Station
144461,Enhetsgrupp,hidden,false,false,Undergrupp till Station
144462,Elever,hidden,false,false,Undergrupp till Station
144463,Skeppare - RS S√∂derhamn,hidden,false,false,
144464,Stationsledning  - RS S√∂derhamn,hidden,false,false,
144465,Utbildning & √ñvning  - RS S√∂derhamn,hidden,false,false,
144466,Underh√•ll  - RS S√∂derhamn,hidden,false,false,
144467,Roberts undergrupp,hidden,false,false,
144468,Snackgrupp,hidden,false,false,Undergrupp till Station
144470,Rescue Hans Carlsson,hidden,false,false,Undergrupp till Station
144471,Rescue Odd Fellow,hidden,false,false,Undergrupp till Station
144482,N√•ttar√∂ Jourgrupp,hidden,false,false,Undergrupp till Station
144483,Tor√∂ Jourgrupp,hidden,false,false,Undergrupp till Station
144484,Lis√∂ Jourgrupp,hidden,false,false,Undergrupp till Station
144485,Musk√∂ Jourgrupp,hidden,false,false,Undergrupp till Station
144487,B√•tgrupp RS H√∂rvik,hidden,false,false,
144488,RS Lule√• Utrustning,hidden,false,false,Undergrupp till Station
144489,Milj√∂r√§ddningssl√§p V√§ster√•s,hidden,false,false,Undergrupp till Station
144490,Rescue Torbj√∂rn,hidden,false,false,Undergrupp till Station
144491,B√•tgruppen,hidden,false,false,
144492,Bef√§lhavare,hidden,false,false,
144493,B√•tarna,hidden,false,false,Undergrupp till Station
144494,Test RS V√§rmd√∂,hidden,false,false,
144495,Rsc √Öngfartygsbef√§lhavaref√∂reningen,hidden,false,false,
144496,Stationsledning Gr√∂tvik,hidden,false,false,
144502,Stationsledning RS H√∂rvik,hidden,false,false,
144504,üõüBef√§lhavare,hidden,false,false,Undergrupp till Station
144505,Skeppare RS H√∂rvik,hidden,false,false,
144761,Skeppare RS S√∂dert√§lje,hidden,false,false,Undergrupp till Station
144771,Bilder & Filmer - RS Uppsala,hidden,false,false,Undergrupp till Station
144773,Skeppargruppen,hidden,false,false,Undergrupp till Station
144775,Elever,hidden,false,false,Undergrupp till Station
144779,Utbildningsgruppen,hidden,false,false,Undergrupp till Station
144780,Elever,hidden,false,false,Undergrupp till Station
144792,Husgruppen,hidden,false,false,
144800,Skeppare,hidden,false,false,
145077,Skeppare,hidden,false,false,Undergrupp till Station
145078,RS Sundsvall - Enheter och bryggor,hidden,false,false,Undergrupp till Station
145079,B√•tar,hidden,false,false,
145338,Skeppare RS Bergkvara,hidden,false,false,
145339,Stationshus,hidden,false,false,Undergrupp till Station
145340,Sv√§varjour,hidden,false,false,Undergrupp till Station
145342,Rsc Sten och Laila,hidden,false,false,Undergrupp till Station
145347,Bilder & Filmer Rs Skellefte√•,hidden,false,false,Undergrupp till Station
145356,Rescue Ulla Brita,hidden,false,false,Undergrupp till Station
145369,üõü H√§ndelser,hidden,false,false,Undergrupp till Station
145374,Rescue Ulla Karin,hidden,false,false,Undergrupp till Station
145384,Runn,hidden,false,false,Undergrupp till Station
145385,Siljan,hidden,false,false,Undergrupp till Station
145386,Barken,hidden,false,false,Undergrupp till Station
145390,Skeppare,hidden,false,false,Undergrupp till Station
145392,Stationsansvariga,hidden,false,false,
145394,Maritima avdelningen,hidden,false,false,
145401,B√•t & Teknik RS S√∂dert√§lje,hidden,false,false,Undergrupp till Station
145403,Testa och L√§ra,hidden,false,false,Undergrupp till Station
145404,Rsc William Eriksson,hidden,false,false,Undergrupp till Station
145405,Rsc Volvo penta,hidden,false,false,Undergrupp till Station
145406,Rsc Drottning Silvia,hidden,false,false,Undergrupp till Station
145407,Bef√§lhavare RS Trelleborg,hidden,false,false,Undergrupp till Station
145416,Bef√§lhavare RS Stenungsund,hidden,false,false,Undergrupp till Station
145417,Utbildningsgruppen RS Stenungsund,hidden,false,false,Undergrupp till Station
145418,Elevgruppen,hidden,false,false,
145420,B√•tar Rs Skellefte√•,hidden,false,false,
145421,Stationshus Rs Skellefte√•,hidden,false,false,
145709,Bef√§lhavare/Skeppare,hidden,false,false,
145710,Teknik,hidden,false,false,
145719,Fastigheter,hidden,false,false,Undergrupp till Station
145720,Viktig Information,hidden,false,false,Undergrupp till Station
145721,Jungfrusunds brygga,hidden,false,false,Undergrupp till Station
145723,Stationsledning RS Hammar√∂,hidden,false,false,
145724,Muns√∂ brygga,hidden,false,false,Undergrupp till Station
145725,Karlsk√§rs brygga,hidden,false,false,Undergrupp till Station
145726,Pite√• Bryggan,hidden,false,false,Undergrupp till Station
145727,Jour RS Ark√∂sund,hidden,false,false,
145728,Publicera gruppen RS Ark√∂sund,hidden,false,false,
145729,FIP RS Ark√∂sund,hidden,false,false,
145730,Instrukt√∂rer,hidden,false,false,Undergrupp till Station
145731,Operativast√∂det & bryggkoodinatorer,hidden,false,false,Undergrupp till Station
145732,"Bilder, uppdrag och √∂vningar RS √ñregrund",hidden,false,false,Undergrupp till Station
145733,Off-topic,hidden,false,false,Undergrupp till Station
145738,Sj√∂r√§ddningsdag RS Ark√∂sund,hidden,false,false,
145866,Ledningsgrupp,hidden,false,false,Undergrupp till Station
145870,Elev,hidden,false,false,Undergrupp till Station
145871,Rsc Bj√∂rn Sj√∂kvist,hidden,false,false,Undergrupp till Station
145872,Viktig information,hidden,false,false,Undergrupp till Station
145873,Off Topic,hidden,false,false,Undergrupp till Station
145874,Uppdragserfarenheter,hidden,false,false,
145875,Bilder & Filmer,hidden,false,false,
145878,Skepparegruppen,hidden,false,false,Undergrupp till Station
145879,Bildgalleri RS Siljan/Runn,hidden,false,false,Undergrupp till Station
145880,RS Stenungsund Stationsledning,hidden,false,false,Undergrupp till Station
145881,1:e Skeppare,hidden,false,false,Undergrupp till Station
145882,Jour grupp 1,hidden,false,false,Undergrupp till Station
145884,Jour grupp 2,hidden,false,false,Undergrupp till Station
145886,Jour grupp 3,hidden,false,false,Undergrupp till Station
145888,Jour grupp 4,hidden,false,false,Undergrupp till Station
145889,Rescue V√§sterfj√§rden,hidden,false,false,Undergrupp till Station
145891,Jour grupp 5,hidden,false,false,Undergrupp till Station
145892,Flytande Stationshuset,hidden,false,false,
145893,Jour grupp 6,hidden,false,false,Undergrupp till Station
145894,Stationshuset Vin√∂n,hidden,false,false,Undergrupp till Station
145895,Rescue 930,hidden,false,false,Undergrupp till Station
145896,Rescue Smulle Sv√§vare,hidden,false,false,Undergrupp till Station
145897,Rescue Hj√§lmaren 90E,hidden,false,false,Undergrupp till Station
145899,Jourlag 2,hidden,false,false,Undergrupp till Station
145900,Jourlag 3,hidden,false,false,Undergrupp till Station
145901,Skeppare,hidden,false,false,Undergrupp till Station
145902,Jourlag 1,hidden,false,false,Undergrupp till Station
145904,üõü Sv√§vare,hidden,false,false,
146244,Skeppare RS G√§vle,hidden,false,false,Undergrupp till Station
146247,F√∂rsta Hj√§lpen RS G√§vle,hidden,false,false,
146248,Elever RS G√§vle,hidden,false,false,Undergrupp till Station
146249,Bilder & Filmer RS Visby,hidden,false,false,Undergrupp till Station
146250,Ledning RS G√§vle,hidden,false,false,
146251,Greta Dybeck,hidden,false,false,Undergrupp till Station
146252,Magnhild Ekman,hidden,false,false,Undergrupp till Station
146263,WV-support!,hidden,false,false,
146268,Samverkan √ñresund (Torekov-Ystad),public,false,false,Samverkansgrupper
146271,Sv√§vargruppen,hidden,false,false,Undergrupp till Station
146272,Stationshus-gruppen,hidden,false,false,Undergrupp till Station
146277,Ledningsgruppen,hidden,false,false,Undergrupp till Station
146279,Utbildningsgruppen,hidden,false,false,Undergrupp till Station
146280,Kommunikation & Insamlingsgruppen,hidden,false,false,Undergrupp till Station
146299,Karlskronabryggan,hidden,false,false,Undergrupp till Station
146300,RS Hassl√∂ - SAR Summit 2026,hidden,false,false,Undergrupp till Station
146301,Aspirantgrupp RS Visby,hidden,false,false,
146313,Information om och styrning av nytt Stationshus,hidden,false,false,Undergrupp till Station
146322,Ledningsgruppen,hidden,false,false,Undergrupp till Station
146364,√ñppet forum f√∂r stationen,hidden,false,false,Undergrupp till Station
146372,Skeppare,hidden,false,false,Undergrupp till Station
146376,Stationsanst√§llda,hidden,false,false,
146384,RS Bua Skeppare,hidden,false,false,Undergrupp till Station
146385,RS Bua Bes√§ttning,hidden,false,false,Undergrupp till Station
146386,RS Bua Bilder o filmer,hidden,false,false,
146387,RS Bua Socialt,hidden,false,false,Undergrupp till Station
146407,RS √Öhus Bilder och filmer,hidden,false,false,Undergrupp till Station
146693,Sandl√•da - RS Siljan/Runn,hidden,false,false,Undergrupp till Station
146695,RS V√§xj√∂ GC,hidden,false,false,
146696,RS V√§xj√∂ jourgrupp 1,hidden,false,false,
146697,RS V√§xj√∂ jourgrupp 2,hidden,false,false,
146698,RS V√§xj√∂ jourgrupp 3,hidden,false,false,
146699,RS V√§xj√∂ jourgrupp 4,hidden,false,false,
146700,"RS V√§xj√∂ Bilder, Foton och andra trevligheter",hidden,false,false,
146701,RS V√§xj√∂ Bef√§lhavare,hidden,false,false,
146702,RS V√§xj√∂ Teknik och service,hidden,false,false,
146704,RS V√§xj√∂ √ñvningsgrupp,hidden,false,false,
146706,RS V√§xj√∂ M√•ngfald,hidden,false,false,
146707,RS V√§xj√∂ Marknad,hidden,false,false,
146708,RS V√§xj√∂ Sv√§varpiloter,hidden,false,false,
146709,RS V√§xj√∂ Studiegrupp maskin & fartygsbef√§l,hidden,false,false,
146710,Rescue Snow,hidden,false,false,Undergrupp till Station
146711,Rescue Ruben Rausing,hidden,false,false,Undergrupp till Station
146732,Rapporter - Muns√∂/Eker√∂,hidden,false,false,Undergrupp till Station
147389,Bild & Film Vadstena/Motala,hidden,false,false,Undergrupp till Station
147394,Rescue Oscar,hidden,false,false,
148050,Vintergrupp Vadstena/Motala,hidden,false,false,Undergrupp till Station
150117,RS R√§fsn√§s jourskeppare,hidden,false,false,Undergrupp till Station
150118,Stationshus 474-7910 Vadstena/Motala,hidden,false,false,Undergrupp till Station
150119,Bef√§l 474-7918 Vadstena/Motala,hidden,false,false,Undergrupp till Station
150120,Stig Kjellgren 474-2800,hidden,false,false,Undergrupp till Station
150121,Ivan Holmberg 474-3050,hidden,false,false,Undergrupp till Station
150122,Rescuerunner 474-9630,hidden,false,false,Undergrupp till Station
150123,Sv√§vare 474-5610 & 474-5640,hidden,false,false,Undergrupp till Station
150124,Dragbil 474-8213,hidden,false,false,Undergrupp till Station
150125,Milj√∂r√§ddningssl√§p 25,hidden,false,false,Undergrupp till Station
150126,Pant Vadstena/Motala,hidden,false,false,Undergrupp till Station
150134,Skeppare RS Ark√∂sund,hidden,false,false,
150136,Sjuksk√∂terskor RS Ark√∂sund,hidden,false,false,
150153,Jourskeppare Kalmar,hidden,false,false,Undergrupp till Station
150154,Skeppare Kalmar,hidden,false,false,Undergrupp till Station
150155,Bunkergruppen Kalmar,hidden,false,false,
150420,Sociala Medier,hidden,false,false,Undergrupp till Station
150421,Frivilliga,hidden,false,false,Undergrupp till Station
150422,Underh√•llsgruppen,hidden,false,false,Undergrupp till Station
150423,Skeppare,hidden,false,false,Undergrupp till Station
150555,Stationsb√•ten,hidden,false,false,Undergrupp till Station
150556,RR-f√∂rare,hidden,false,false,Undergrupp till Station
150631,Arbetsgrupp B√ÖT,hidden,false,false,
150632,Arbetsgrupp BYGGNAD,hidden,false,false,Undergrupp till Station
150672,Stationshandledare F√∂rsta Hj√§lpen SAR,hidden,false,false,
150674,RS Kristinehamn Ledningsgrupp,hidden,false,false,Undergrupp till Station
150675,RS Kristinehamn Skeppare,hidden,false,false,Undergrupp till Station
150676,Uppdrag & erfarenhetsutbyte,hidden,false,false,Undergrupp till Station
150690,Rescue Lillie,hidden,false,false,Undergrupp till Station
150691,RS R√•√• Stationshus,hidden,false,false,
151208,Samverkan Han√∂bukten (Ystad-Hassl√∂),public,false,false,Samverkansgrupper
151209,√ñvning RS Ark√∂sund,hidden,false,false,
151214,Allm√§nt,hidden,false,false,Undergrupp till Station
151217,B√•tklasser,public,true,false,
151218,B√•tklass 90E,hidden,false,false,B√•tklasser
151219,B√•tklass Emblad,public,false,false,B√•tklasser
151220,B√•tklass Milj√∂r√§ddningssl√§p,public,false,false,B√•tklasser
151221,B√•tklass Gunnel Larson,public,false,false,B√•tklasser
151222,B√•tklass Rescuerunner,public,false,false,B√•tklasser
151224,B√•tklass Sv√§vare,public,false,false,B√•tklasser
151225,B√•tklass Lars Bjerkander,public,false,false,B√•tklasser
151226,B√•tklass Victoria,public,false,false,B√•tklasser
151227,B√•tklass Hallberg Rassy,public,false,false,B√•tklasser
151228,Stationshandledare Basic SAR,hidden,false,false,
151497,Ledningsgrupp,hidden,false,false,Undergrupp till Station
151499,B√•tklass √ñppen RIB,public,false,false,B√•tklasser
151500,Transas Navi Sailor,public,false,false,
151502,B√•tklass Postkodlotteriet,public,false,false,B√•tklasser
151503,Samverkan Gotland,hidden,false,false,Samverkansgrupper
151504,Enheter RS Bergkvara,hidden,false,false,Undergrupp till Station
151505,RS Mariestad - Skeppargrupp,hidden,false,false,Undergrupp till Station
151506,RS Mariestad - Utbildningsgrupp,hidden,false,false,Undergrupp till Station
151507,RS Mariestad - Sv√§vargrupp,hidden,false,false,Undergrupp till Station
151508,RS Mariestad - Bilder och filmer,hidden,false,false,Undergrupp till Station
151509,Elev RS Skellefte√•,hidden,false,false,
151558,Aspiranter,hidden,false,false,Undergrupp till Station
151571,B√•t,hidden,false,false,Undergrupp till Station
151572,Skeppare,hidden,false,false,
151573,Kommer p√• larm RS H√∂gan√§s,hidden,false,false,
151574,Basic SAR Core team,hidden,false,false,
151591,RS R√∂r√∂s fina g√§ng,hidden,false,false,Undergrupp till Station
151592,SGS,hidden,false,false,Undergrupp till Station
151595,Samverkan RS S√∂dert√§lje/RS Trosa,hidden,false,false,Samverkansgrupper
151604,J1 - RS Muns√∂/Eker√∂,hidden,false,false,Undergrupp till Station
151681,RS V√§xj√∂ B√•tgrupp,hidden,false,false,Undergrupp till Station
152326,Visningar f√∂redrag RS Ark√∂sund,hidden,false,false,
152335,Grannstationer till RS Ark√∂sund,hidden,false,false,
152542,B√•tgruppen,hidden,false,false,
154987,Samverkan Ark√∂sund - Trosa,hidden,false,false,
155256,RS R√∂r√∂ B√•tansvariga,hidden,false,false,
155257,RS Lule√• Utbildning,hidden,false,false,Undergrupp till Station
155258,RS Lule√• B√•t,hidden,false,false,Undergrupp till Station
155259,RS Lule√• Rakel Teknik,hidden,false,false,Undergrupp till Station
155278,Basic-SAR RS S√∂dert√§lje,hidden,false,false,Undergrupp till Station
155283,Life Guard RS Ark√∂sund,hidden,false,false,Undergrupp till Station
155567,Ledningsgruppen RS S√∂dert√§lje,hidden,false,false,Undergrupp till Station
155568,"K√∂p, s√§lj och bytes - bes√§ttningskl√§der",public,false,false,
155571,Bes√§ttning 1,hidden,false,false,Undergrupp till Station
155572,Bes√§ttning 2,hidden,false,false,Undergrupp till Station
155573,Bes√§ttning 3,hidden,false,false,Undergrupp till Station
155595,Elever,hidden,false,false,Undergrupp till Station
155601,Ledningsgrupp,hidden,false,false,Undergrupp till Station
156128,Jourlag 1 G√§vle,hidden,false,false,Undergrupp till Station
156129,Jourlag 2 G√§vle,hidden,false,false,Undergrupp till Station
156130,Jourlag 3 G√§vle,hidden,false,false,Undergrupp till Station
156131,Jourlag 4 G√§vle,hidden,false,false,Undergrupp till Station
156134,RS Lule√• Externa kontakter och Media,hidden,false,false,Undergrupp till Station
156139,Instrukt√∂r Egen S√§kerhet,hidden,false,false,
157253,RS Hassl√∂ LG,hidden,false,false,Undergrupp till Station
157254,Bilder RS √Öm√•l,hidden,false,false,Undergrupp till Station
157257,Utbildnining och sjukv√•rd Kalmar,hidden,false,false,Undergrupp till Station
157281,Dokument - RS K√•llands√∂,hidden,false,false,Undergrupp till Station
157285,Instrukt√∂r Basic SAR,hidden,false,false,
157286,Instrukt√∂r Rescuerunner,hidden,false,false,
158051,Instrukt√∂r Gunnel Larson-klassen,hidden,false,false,
158053,Huvud instrukt√∂r FHS,hidden,false,false,
160430,Interninformation,hidden,false,false,
160693,Samverkan Norrbotten,public,false,false,Samverkansgrupper
161231,Bef√§lhavare RS Barseb√§ckshamn,hidden,false,false,Undergrupp till Station
161374,"IT, teknik och kommunikation Kalmar",hidden,false,false,Undergrupp till Station
161375,B√•tgruppen Kalmar,hidden,false,false,Undergrupp till Station
161376,"Bil, sv√§vare och sl√§p Kalmar",hidden,false,false,Undergrupp till Station
161377,Personal och trivsel Kalmar,hidden,false,false,Undergrupp till Station
161380,R√§ddningsskeppare RS R√∂r√∂,hidden,false,false,Undergrupp till Station
161919,Samverkan Sundsvall-H√§rn√∂sand,public,false,false,Samverkansgrupper
163282,Dagjouren RS Barseb√§ckshamn,hidden,false,false,Undergrupp till Station
163283,Jourlag 1 RS Barseb√§ckshamn,hidden,false,false,Undergrupp till Station
163284,Jourlag2 RS Barseb√§ckshamn,hidden,false,false,Undergrupp till Station
163285,Jourlag3 RS Barseb√§ckshamn,hidden,false,false,Undergrupp till Station
163414,RS M√∂ja WorkVivo-ambassad√∂r,hidden,false,false,Undergrupp till Station
164009,RS R√•√• marknadsgrupp,hidden,false,false,Undergrupp till Station
164010,Bes√§ttningsansvariga,hidden,false,false,Undergrupp till Station
164212,Ledningsgruppen,hidden,false,false,Undergrupp till Station
165206,LG RS R√•√•,hidden,false,false,
166784,Arbetsgrupp Basic SAR,hidden,false,false,Undergrupp till Station
166815,Samverkan H√∂rvik o S√∂lvesborg,hidden,false,false,Samverkansgrupper
166977,Skeppare Falkenberg,hidden,false,false,Undergrupp till Station
167024,Elever RS Lule√•,hidden,false,false,Undergrupp till Station
167188,RS Trosa Basic SAR,hidden,false,false,Undergrupp till Station
167483,Stationshus,hidden,false,false,Undergrupp till Station
178309,Basic SAR intrukt√∂rer Sthlm,hidden,false,false,Undergrupp till Station
178485,Bilder & Filmer,hidden,false,false,Undergrupp till Station
178514,Stations√∂vergripande funktioner (S√ñF),hidden,false,false,
178515,Rekrytering,hidden,false,false,Undergrupp till Station
178518,Kamratst√∂d,hidden,false,false,Undergrupp till Station
179580,B√•tklass K15,public,false,false,B√•tklasser
187853,Garmin Navigation och Radar,public,false,false,
188016,Utbildningsgruppen,hidden,false,false,Undergrupp till Station
188040,SSRS B√•tf√∂rflyttningar,hidden,false,false,
188297,Stationshus RS H√∂rvik,hidden,false,false,Undergrupp till Station
190081,RS Uppsala - Bef√§lhavare,hidden,false,false,Undergrupp till Station
191643,Rsc inl√•nad b√•t,hidden,false,false,Undergrupp till Station
191684,Basic SAR 2025 - elever,hidden,false,false,Samverkansgrupper
191691,Stationsledning RS Lomma,hidden,false,false,Undergrupp till Station
191708,Elever-25,hidden,false,false,Undergrupp till Station
200426,Nyn√§s R√§ddningspersoner,hidden,false,false,Undergrupp till Station
200435,Utbildningsgruppen RP 1,hidden,false,false,Undergrupp till Station
201443,Rescue K9 #4,hidden,false,false,
201533,Skeppare RS Ystad,hidden,false,false,
201539,RS Utbildning & √ñvning,hidden,false,false,Undergrupp till Station
201540,RS Uddevalla Evenemang,hidden,false,false,Undergrupp till Station
201541,RS Uddevalla B√•tar,hidden,false,false,Undergrupp till Station
201954,RS V√§xj√∂ Kommunikation,hidden,false,false,Undergrupp till Station
204989,Bokning av lokalen RS Ark√∂sund,hidden,false,false,Undergrupp till Station
213528,Skepparaspiranter RS G√§vle,hidden,false,false,Undergrupp till Station
213601,Rescue Casque,hidden,false,false,Undergrupp till Station
213602,Rescue Famous,hidden,false,false,Undergrupp till Station
213603,Rescue Patrik Dahl,hidden,false,false,Undergrupp till Station
213953,P√• Sj√∂n - uppdrag och h√§ndelser,hidden,false,false,Undergrupp till Station
222354,Kommunikation RS Stenungsund,hidden,false,false,Undergrupp till Station
223273,üõüJourskeppare Dalar√∂,hidden,false,false,Undergrupp till Station
224334,Projekt Simulatorcenter,public,false,false,
228280,Rescue Stenhammar,hidden,false,false,Undergrupp till Station
233340,"Instrukt√∂rsgruppen ‚Äì din plats f√∂r st√∂d, struktur och gemenskap",hidden,false,false,
233451,Fotogalleri,hidden,false,false,Undergrupp till Station
255774,Kamratst√∂dsgruppen,hidden,false,false,Undergrupp till Station
260343,SAR Kartan,public,false,false,
262397,K15 RS Ark√∂sund,hidden,false,false,
263695,Bunkring RS H√∂rvik,hidden,false,false,Undergrupp till Station
267174,RS Lule√• Stationshus,private,false,false,Undergrupp till Station
267587,Skeppare,hidden,false,false,Undergrupp till Station
271351,Samverkan Kalix Lule√•,public,false,false,Samverkansgrupper
272521,Elevprogram RS Stenungsund,hidden,false,false,Undergrupp till Station
276012,Testgrupp Workvivo - Tomas K,hidden,false,false,
276063,Sj√∂r√§ddare i civila kl√§der,public,false,false,Samverkansgrupper
276328,Spons S√∂dert√§lje,private,false,false,Undergrupp till Station
276519,K12 - William Eriksson,private,false,false,Undergrupp till Station
276629,Bengas cirkul√§r,private,false,false,
276637,Sv√§vare Henrik Nystr√∂m,private,false,false,Undergrupp till Station
276733,Fartygsbef√§l klass 8 utbildningsgrupp RS Stenungsund,private,false,false,Undergrupp till Station
276829,Roberts testgrupp,hidden,false,false,
276852,Rakel programmerings-gruppen,hidden,false,false,
276879,RS Nyn√§shamn ledningsgrupp,private,false,false,Undergrupp till Station
276881,Frivillig-gruppen,private,false,false,Undergrupp till Station
276918,Utbildningsgrupp RS Ystad,private,false,false,Undergrupp till Station
276919,√ñvningsgrupp RS Ystad,private,false,false,Undergrupp till Station
277328,Samverkan Sundsvall & Hudiksvall,public,false,false,Samverkansgrupper
277355,Fartygsinfo,private,false,false,Undergrupp till Station
277497,Basic-SAR HT2025 Dalar√∂,private,false,false,
278269,B√•tklass R√§ddningsbil,public,false,false,B√•tklasser
278348,Navigationskurs,hidden,false,false,Undergrupp till Station
278666,"Studiegrupp FBVIII, MBVIII",hidden,false,false,Undergrupp till Station
278676,Bilder och Filmer,hidden,false,false,Undergrupp till Station
278710,Nyn√§shamn F√∂rslagsl√•da,private,false,false,Undergrupp till Station
279408,Sk√∂tsel av enheter,private,false,false,Undergrupp till Station
279409,15-01 Mai Rassy,private,false,false,Undergrupp till Station
279410,12-36 Sten A Olsson,private,false,false,Undergrupp till Station
279411,8-58 Hans Kjellberg,private,false,false,Undergrupp till Station
279629,Ralfs sandl√•da,hidden,false,false,Samverkansgrupper
279709,Elever,hidden,false,false,
279991,F√∂rslagsl√•da f√∂r RS Stenungsund,private,false,false,Undergrupp till Station
280674,RS V√§xj√∂ Elev,private,false,false,
281237,RS Falsterbokanalen 25 √•r,private,false,false,Undergrupp till Station
281447,RS Kalix,private,false,false,Huvudgrupp Stationer
282531,VM M√§laren V.8,public,false,false,Huvudgrupp Stationer
